{"namedChunkGroups":{"polyfill":{"name":"polyfill","assets":[{"name":"webpack-runtime-92e050df8148424632e0.js","size":5087},{"name":"polyfill-6a32db8a51df41f9df00.js","size":82505}],"filteredAssets":0,"assetsSize":87592,"filteredAuxiliaryAssets":2,"auxiliaryAssetsSize":221101},"app":{"name":"app","assets":[{"name":"webpack-runtime-92e050df8148424632e0.js","size":5087},{"name":"framework-cab942d4ae6316b4cb81.js","size":128973},{"name":"app-9e9963e55a1e8b994c3b.js","size":73642}],"filteredAssets":0,"assetsSize":207702,"filteredAuxiliaryAssets":3,"auxiliaryAssetsSize":674920},"component---src-pages-404-js":{"name":"component---src-pages-404-js","assets":[{"name":"styles.d02c00e6465283c97b7f.css","size":23311},{"name":"commons-09c0b3ed9b4505e2069a.js","size":24875},{"name":"component---src-pages-404-js-645968ad8437f07f6a28.js","size":3085}],"filteredAssets":0,"assetsSize":51271,"filteredAuxiliaryAssets":3,"auxiliaryAssetsSize":231788},"component---src-pages-index-js":{"name":"component---src-pages-index-js","assets":[{"name":"styles.d02c00e6465283c97b7f.css","size":23311},{"name":"commons-09c0b3ed9b4505e2069a.js","size":24875},{"name":"aedaa117aa947ebc0bba5066a1c7434c41afeb86-e437f88906365f4fae25.js","size":39426},{"name":"component---src-pages-index-js-d35a7cdbd53121b5f777.js","size":19006}],"filteredAssets":0,"assetsSize":106618,"filteredAuxiliaryAssets":4,"auxiliaryAssetsSize":382006},"component---src-pages-login-js":{"name":"component---src-pages-login-js","assets":[{"name":"styles.d02c00e6465283c97b7f.css","size":23311},{"name":"commons-09c0b3ed9b4505e2069a.js","size":24875},{"name":"aedaa117aa947ebc0bba5066a1c7434c41afeb86-e437f88906365f4fae25.js","size":39426},{"name":"component---src-pages-login-js-d60747b5e8da0a038366.js","size":7507}],"filteredAssets":0,"assetsSize":95119,"filteredAuxiliaryAssets":4,"auxiliaryAssetsSize":320869}},"assetsByChunkName":{"polyfill":["webpack-runtime-92e050df8148424632e0.js","polyfill-6a32db8a51df41f9df00.js"],"app":["webpack-runtime-92e050df8148424632e0.js","framework-cab942d4ae6316b4cb81.js","app-9e9963e55a1e8b994c3b.js"],"component---src-pages-404-js":["styles.d02c00e6465283c97b7f.css","commons-09c0b3ed9b4505e2069a.js","component---src-pages-404-js-645968ad8437f07f6a28.js"],"component---src-pages-index-js":["styles.d02c00e6465283c97b7f.css","commons-09c0b3ed9b4505e2069a.js","aedaa117aa947ebc0bba5066a1c7434c41afeb86-e437f88906365f4fae25.js","component---src-pages-index-js-d35a7cdbd53121b5f777.js"],"component---src-pages-login-js":["styles.d02c00e6465283c97b7f.css","commons-09c0b3ed9b4505e2069a.js","aedaa117aa947ebc0bba5066a1c7434c41afeb86-e437f88906365f4fae25.js","component---src-pages-login-js-d60747b5e8da0a038366.js"]},"childAssetsByChunkName":{}}