{"/*":["X-Frame-Options: DENY","X-XSS-Protection: 1; mode=block","X-Content-Type-Options: nosniff","Referrer-Policy: same-origin"],"/styles.cdf40cb6ccdb5bbe11c0.css":["Cache-Control: public, max-age=31536000, immutable"],"/commons-09c0b3ed9b4505e2069a.js":["Cache-Control: public, max-age=31536000, immutable"],"/component---src-pages-404-js-645968ad8437f07f6a28.js":["Cache-Control: public, max-age=31536000, immutable"],"/aedaa117aa947ebc0bba5066a1c7434c41afeb86-c413401ad3114e6e5e10.js":["Cache-Control: public, max-age=31536000, immutable"],"/component---src-pages-index-js-6a3b69af6792c32068b7.js":["Cache-Control: public, max-age=31536000, immutable"],"/component---src-pages-login-js-23a57772d53a0557ae06.js":["Cache-Control: public, max-age=31536000, immutable"],"/webpack-runtime-821797c161b8d489d006.js":["Cache-Control: public, max-age=31536000, immutable"],"/framework-cab942d4ae6316b4cb81.js":["Cache-Control: public, max-age=31536000, immutable"],"/app-4b52ed55325bb9b63d7c.js":["Cache-Control: public, max-age=31536000, immutable"],"/static/*":["Cache-Control: public, max-age=31536000, immutable"],"/sw.js":["Cache-Control: public, max-age=0, must-revalidate"],"/404/":["Link: </webpack-runtime-821797c161b8d489d006.js>; rel=preload; as=script; nopush","Link: </framework-cab942d4ae6316b4cb81.js>; rel=preload; as=script; nopush","Link: </app-4b52ed55325bb9b63d7c.js>; rel=preload; as=script; nopush","Link: </commons-09c0b3ed9b4505e2069a.js>; rel=preload; as=script; nopush","Link: </component---src-pages-404-js-645968ad8437f07f6a28.js>; rel=preload; as=script; nopush","Link: </page-data/app-data.json>; rel=preload; as=fetch; crossorigin; nopush","Link: </page-data/404/page-data.json>; rel=preload; as=fetch; crossorigin; nopush"],"/404.html":["Link: </webpack-runtime-821797c161b8d489d006.js>; rel=preload; as=script; nopush","Link: </framework-cab942d4ae6316b4cb81.js>; rel=preload; as=script; nopush","Link: </app-4b52ed55325bb9b63d7c.js>; rel=preload; as=script; nopush","Link: </commons-09c0b3ed9b4505e2069a.js>; rel=preload; as=script; nopush","Link: </component---src-pages-404-js-645968ad8437f07f6a28.js>; rel=preload; as=script; nopush","Link: </page-data/app-data.json>; rel=preload; as=fetch; crossorigin; nopush","Link: </page-data/404.html/page-data.json>; rel=preload; as=fetch; crossorigin; nopush"],"/":["Link: </webpack-runtime-821797c161b8d489d006.js>; rel=preload; as=script; nopush","Link: </framework-cab942d4ae6316b4cb81.js>; rel=preload; as=script; nopush","Link: </app-4b52ed55325bb9b63d7c.js>; rel=preload; as=script; nopush","Link: </commons-09c0b3ed9b4505e2069a.js>; rel=preload; as=script; nopush","Link: </aedaa117aa947ebc0bba5066a1c7434c41afeb86-c413401ad3114e6e5e10.js>; rel=preload; as=script; nopush","Link: </component---src-pages-index-js-6a3b69af6792c32068b7.js>; rel=preload; as=script; nopush","Link: </page-data/app-data.json>; rel=preload; as=fetch; crossorigin; nopush","Link: </page-data/index/page-data.json>; rel=preload; as=fetch; crossorigin; nopush"],"/login/":["Link: </webpack-runtime-821797c161b8d489d006.js>; rel=preload; as=script; nopush","Link: </framework-cab942d4ae6316b4cb81.js>; rel=preload; as=script; nopush","Link: </app-4b52ed55325bb9b63d7c.js>; rel=preload; as=script; nopush","Link: </commons-09c0b3ed9b4505e2069a.js>; rel=preload; as=script; nopush","Link: </aedaa117aa947ebc0bba5066a1c7434c41afeb86-c413401ad3114e6e5e10.js>; rel=preload; as=script; nopush","Link: </component---src-pages-login-js-23a57772d53a0557ae06.js>; rel=preload; as=script; nopush","Link: </page-data/app-data.json>; rel=preload; as=fetch; crossorigin; nopush","Link: </page-data/login/page-data.json>; rel=preload; as=fetch; crossorigin; nopush"]}