{"namedChunkGroups":{"polyfill":{"name":"polyfill","assets":[{"name":"webpack-runtime-821797c161b8d489d006.js","size":5087},{"name":"polyfill-6a32db8a51df41f9df00.js","size":82505}],"filteredAssets":0,"assetsSize":87592,"filteredAuxiliaryAssets":2,"auxiliaryAssetsSize":221101},"app":{"name":"app","assets":[{"name":"webpack-runtime-821797c161b8d489d006.js","size":5087},{"name":"framework-cab942d4ae6316b4cb81.js","size":128973},{"name":"app-4b52ed55325bb9b63d7c.js","size":73642}],"filteredAssets":0,"assetsSize":207702,"filteredAuxiliaryAssets":3,"auxiliaryAssetsSize":674920},"component---src-pages-404-js":{"name":"component---src-pages-404-js","assets":[{"name":"styles.cdf40cb6ccdb5bbe11c0.css","size":23310},{"name":"commons-09c0b3ed9b4505e2069a.js","size":24875},{"name":"component---src-pages-404-js-645968ad8437f07f6a28.js","size":3085}],"filteredAssets":0,"assetsSize":51270,"filteredAuxiliaryAssets":3,"auxiliaryAssetsSize":231788},"component---src-pages-index-js":{"name":"component---src-pages-index-js","assets":[{"name":"styles.cdf40cb6ccdb5bbe11c0.css","size":23310},{"name":"commons-09c0b3ed9b4505e2069a.js","size":24875},{"name":"aedaa117aa947ebc0bba5066a1c7434c41afeb86-c413401ad3114e6e5e10.js","size":38677},{"name":"component---src-pages-index-js-6a3b69af6792c32068b7.js","size":19013}],"filteredAssets":0,"assetsSize":105875,"filteredAuxiliaryAssets":4,"auxiliaryAssetsSize":382065},"component---src-pages-login-js":{"name":"component---src-pages-login-js","assets":[{"name":"styles.cdf40cb6ccdb5bbe11c0.css","size":23310},{"name":"commons-09c0b3ed9b4505e2069a.js","size":24875},{"name":"aedaa117aa947ebc0bba5066a1c7434c41afeb86-c413401ad3114e6e5e10.js","size":38677},{"name":"component---src-pages-login-js-23a57772d53a0557ae06.js","size":7510}],"filteredAssets":0,"assetsSize":94372,"filteredAuxiliaryAssets":4,"auxiliaryAssetsSize":320861}},"assetsByChunkName":{"polyfill":["webpack-runtime-821797c161b8d489d006.js","polyfill-6a32db8a51df41f9df00.js"],"app":["webpack-runtime-821797c161b8d489d006.js","framework-cab942d4ae6316b4cb81.js","app-4b52ed55325bb9b63d7c.js"],"component---src-pages-404-js":["styles.cdf40cb6ccdb5bbe11c0.css","commons-09c0b3ed9b4505e2069a.js","component---src-pages-404-js-645968ad8437f07f6a28.js"],"component---src-pages-index-js":["styles.cdf40cb6ccdb5bbe11c0.css","commons-09c0b3ed9b4505e2069a.js","aedaa117aa947ebc0bba5066a1c7434c41afeb86-c413401ad3114e6e5e10.js","component---src-pages-index-js-6a3b69af6792c32068b7.js"],"component---src-pages-login-js":["styles.cdf40cb6ccdb5bbe11c0.css","commons-09c0b3ed9b4505e2069a.js","aedaa117aa947ebc0bba5066a1c7434c41afeb86-c413401ad3114e6e5e10.js","component---src-pages-login-js-23a57772d53a0557ae06.js"]},"childAssetsByChunkName":{}}