{"/*":["X-Frame-Options: DENY","X-XSS-Protection: 1; mode=block","X-Content-Type-Options: nosniff","Referrer-Policy: same-origin"],"/styles.61b2b7fa3b3001356e42.css":["Cache-Control: public, max-age=31536000, immutable"],"/commons-09c0b3ed9b4505e2069a.js":["Cache-Control: public, max-age=31536000, immutable"],"/component---src-pages-404-js-645968ad8437f07f6a28.js":["Cache-Control: public, max-age=31536000, immutable"],"/aedaa117aa947ebc0bba5066a1c7434c41afeb86-d32c2fb5fe29ad42aa2b.js":["Cache-Control: public, max-age=31536000, immutable"],"/component---src-pages-index-js-072a19d50aafd6a0bbb2.js":["Cache-Control: public, max-age=31536000, immutable"],"/component---src-pages-login-js-845a7e5532bc1106e0e0.js":["Cache-Control: public, max-age=31536000, immutable"],"/webpack-runtime-66204dcc3f6f13faba0e.js":["Cache-Control: public, max-age=31536000, immutable"],"/framework-cab942d4ae6316b4cb81.js":["Cache-Control: public, max-age=31536000, immutable"],"/app-4b52ed55325bb9b63d7c.js":["Cache-Control: public, max-age=31536000, immutable"],"/static/*":["Cache-Control: public, max-age=31536000, immutable"],"/sw.js":["Cache-Control: public, max-age=0, must-revalidate"],"/404/":["Link: </webpack-runtime-66204dcc3f6f13faba0e.js>; rel=preload; as=script; nopush","Link: </framework-cab942d4ae6316b4cb81.js>; rel=preload; as=script; nopush","Link: </app-4b52ed55325bb9b63d7c.js>; rel=preload; as=script; nopush","Link: </commons-09c0b3ed9b4505e2069a.js>; rel=preload; as=script; nopush","Link: </component---src-pages-404-js-645968ad8437f07f6a28.js>; rel=preload; as=script; nopush","Link: </page-data/app-data.json>; rel=preload; as=fetch; crossorigin; nopush","Link: </page-data/404/page-data.json>; rel=preload; as=fetch; crossorigin; nopush"],"/404.html":["Link: </webpack-runtime-66204dcc3f6f13faba0e.js>; rel=preload; as=script; nopush","Link: </framework-cab942d4ae6316b4cb81.js>; rel=preload; as=script; nopush","Link: </app-4b52ed55325bb9b63d7c.js>; rel=preload; as=script; nopush","Link: </commons-09c0b3ed9b4505e2069a.js>; rel=preload; as=script; nopush","Link: </component---src-pages-404-js-645968ad8437f07f6a28.js>; rel=preload; as=script; nopush","Link: </page-data/app-data.json>; rel=preload; as=fetch; crossorigin; nopush","Link: </page-data/404.html/page-data.json>; rel=preload; as=fetch; crossorigin; nopush"],"/":["Link: </webpack-runtime-66204dcc3f6f13faba0e.js>; rel=preload; as=script; nopush","Link: </framework-cab942d4ae6316b4cb81.js>; rel=preload; as=script; nopush","Link: </app-4b52ed55325bb9b63d7c.js>; rel=preload; as=script; nopush","Link: </commons-09c0b3ed9b4505e2069a.js>; rel=preload; as=script; nopush","Link: </aedaa117aa947ebc0bba5066a1c7434c41afeb86-d32c2fb5fe29ad42aa2b.js>; rel=preload; as=script; nopush","Link: </component---src-pages-index-js-072a19d50aafd6a0bbb2.js>; rel=preload; as=script; nopush","Link: </page-data/app-data.json>; rel=preload; as=fetch; crossorigin; nopush","Link: </page-data/index/page-data.json>; rel=preload; as=fetch; crossorigin; nopush"],"/login/":["Link: </webpack-runtime-66204dcc3f6f13faba0e.js>; rel=preload; as=script; nopush","Link: </framework-cab942d4ae6316b4cb81.js>; rel=preload; as=script; nopush","Link: </app-4b52ed55325bb9b63d7c.js>; rel=preload; as=script; nopush","Link: </commons-09c0b3ed9b4505e2069a.js>; rel=preload; as=script; nopush","Link: </aedaa117aa947ebc0bba5066a1c7434c41afeb86-d32c2fb5fe29ad42aa2b.js>; rel=preload; as=script; nopush","Link: </component---src-pages-login-js-845a7e5532bc1106e0e0.js>; rel=preload; as=script; nopush","Link: </page-data/app-data.json>; rel=preload; as=fetch; crossorigin; nopush","Link: </page-data/login/page-data.json>; rel=preload; as=fetch; crossorigin; nopush"]}