{"namedChunkGroups":{"polyfill":{"name":"polyfill","assets":[{"name":"webpack-runtime-66204dcc3f6f13faba0e.js","size":5087},{"name":"polyfill-6a32db8a51df41f9df00.js","size":82505}],"filteredAssets":0,"assetsSize":87592,"filteredAuxiliaryAssets":2,"auxiliaryAssetsSize":221101},"app":{"name":"app","assets":[{"name":"webpack-runtime-66204dcc3f6f13faba0e.js","size":5087},{"name":"framework-cab942d4ae6316b4cb81.js","size":128973},{"name":"app-4b52ed55325bb9b63d7c.js","size":73642}],"filteredAssets":0,"assetsSize":207702,"filteredAuxiliaryAssets":3,"auxiliaryAssetsSize":674920},"component---src-pages-404-js":{"name":"component---src-pages-404-js","assets":[{"name":"styles.61b2b7fa3b3001356e42.css","size":24097},{"name":"commons-09c0b3ed9b4505e2069a.js","size":24875},{"name":"component---src-pages-404-js-645968ad8437f07f6a28.js","size":3085}],"filteredAssets":0,"assetsSize":52057,"filteredAuxiliaryAssets":3,"auxiliaryAssetsSize":231788},"component---src-pages-index-js":{"name":"component---src-pages-index-js","assets":[{"name":"styles.61b2b7fa3b3001356e42.css","size":24097},{"name":"commons-09c0b3ed9b4505e2069a.js","size":24875},{"name":"aedaa117aa947ebc0bba5066a1c7434c41afeb86-d32c2fb5fe29ad42aa2b.js","size":38916},{"name":"component---src-pages-index-js-072a19d50aafd6a0bbb2.js","size":19282}],"filteredAssets":0,"assetsSize":107170,"filteredAuxiliaryAssets":4,"auxiliaryAssetsSize":383126},"component---src-pages-login-js":{"name":"component---src-pages-login-js","assets":[{"name":"styles.61b2b7fa3b3001356e42.css","size":24097},{"name":"commons-09c0b3ed9b4505e2069a.js","size":24875},{"name":"aedaa117aa947ebc0bba5066a1c7434c41afeb86-d32c2fb5fe29ad42aa2b.js","size":38916},{"name":"component---src-pages-login-js-845a7e5532bc1106e0e0.js","size":7511}],"filteredAssets":0,"assetsSize":95399,"filteredAuxiliaryAssets":4,"auxiliaryAssetsSize":321189}},"assetsByChunkName":{"polyfill":["webpack-runtime-66204dcc3f6f13faba0e.js","polyfill-6a32db8a51df41f9df00.js"],"app":["webpack-runtime-66204dcc3f6f13faba0e.js","framework-cab942d4ae6316b4cb81.js","app-4b52ed55325bb9b63d7c.js"],"component---src-pages-404-js":["styles.61b2b7fa3b3001356e42.css","commons-09c0b3ed9b4505e2069a.js","component---src-pages-404-js-645968ad8437f07f6a28.js"],"component---src-pages-index-js":["styles.61b2b7fa3b3001356e42.css","commons-09c0b3ed9b4505e2069a.js","aedaa117aa947ebc0bba5066a1c7434c41afeb86-d32c2fb5fe29ad42aa2b.js","component---src-pages-index-js-072a19d50aafd6a0bbb2.js"],"component---src-pages-login-js":["styles.61b2b7fa3b3001356e42.css","commons-09c0b3ed9b4505e2069a.js","aedaa117aa947ebc0bba5066a1c7434c41afeb86-d32c2fb5fe29ad42aa2b.js","component---src-pages-login-js-845a7e5532bc1106e0e0.js"]},"childAssetsByChunkName":{}}